{
    "model": "bm25",
    "queries": 1444,
    "precision@10": 0.221191135734072,
    "recall@10": 0.2059136889798067,
    "MAP@10": 0.17774830115179344,
    "nDCG@10": 0.35003271815935,
    "time (sec)": 692.0,
    "queries/sec": 2.09
}