{
    "model": "embedding",
    "queries": 1444,
    "precision@10": 0.02008310249307479,
    "recall@10": 0.010443236355871306,
    "MAP@10": 0.012751959394099283,
    "nDCG@10": 0.026888333470159623,
    "time (sec)": 32.02,
    "queries/sec": 45.1
}