{
    "model": "hybrid_parallel",
    "queries": 1444,
    "precision@10": 0.21578947368421053,
    "recall@10": 0.19459618984045485,
    "MAP@10": 0.17125654887095906,
    "nDCG@10": 0.35696443064001293,
    "time (sec)": 742.15,
    "queries/sec": 1.95
}