{
    "model": "hybrid_serial",
    "queries": 1444,
    "precision@10": 0.19238227146814404,
    "recall@10": 0.1677112000120944,
    "MAP@10": 0.1474921957279372,
    "nDCG@10": 0.3153050883790773,
    "time (sec)": 800.76,
    "queries/sec": 1.8
}