{
    "model": "tfidf",
    "queries": 1444,
    "precision@10": 0.18628808864265928,
    "recall@10": 0.17012573825637942,
    "MAP@10": 0.14874782605793932,
    "nDCG@10": 0.31017483669103574,
    "time (sec)": 1165.55,
    "queries/sec": 1.24
}